03-11-2021,Symbol,Name,Price,Change,% Change,Volume,Avg Vol,Market Cap,PE Ratio,url
0,GE,,12.27,-0.98,-7.40%,305.186M,,107.583B,,https://finance.yahoo.com/quote/GE?p=GE
1,SNDL,,1.4200,+0.1100,+8.40%,244.521M,,2.358B,N/A,https://finance.yahoo.com/quote/SNDL?p=SNDL
2,NIO,,46.03,+4.71,+11.40%,132.398M,,71.757B,N/A,https://finance.yahoo.com/quote/NIO?p=NIO
3,AAPL,,121.96,+1.98,+1.65%,99.599M,,2.047T,,https://finance.yahoo.com/quote/AAPL?p=AAPL
4,PLTR,,26.73,+1.98,+8.00%,83.587M,,48.709B,N/A,https://finance.yahoo.com/quote/PLTR?p=PLTR
5,AMC,,10.28,+0.43,+4.37%,82.687M,,3.486B,N/A,https://finance.yahoo.com/quote/AMC?p=AMC
6,FINV,,9.77,+4.71,+93.08%,79.076M,,2.749B,N/A,https://finance.yahoo.com/quote/FINV?p=FINV
7,F,,12.81,-0.10,-0.77%,55.848M,,50.967B,N/A,https://finance.yahoo.com/quote/F?p=F
8,ITUB,,4.9200,+0.1400,+2.93%,51.963M,,44.866B,,https://finance.yahoo.com/quote/ITUB?p=ITUB
9,PBR,,8.25,+0.41,+5.23%,51.512M,,52.216B,N/A,https://finance.yahoo.com/quote/PBR?p=PBR
10,BBD,,4.5400,+0.1700,+3.89%,50.361M,,35.605B,,https://finance.yahoo.com/quote/BBD?p=BBD
11,NOK,,4.1000,+0.1400,+3.54%,46.987M,,23.769B,N/A,https://finance.yahoo.com/quote/NOK?p=NOK
12,BAC,,37.24,-0.13,-0.35%,45.84M,,321.279B,,https://finance.yahoo.com/quote/BAC?p=BAC
13,NNDM,,11.10,+1.72,+18.34%,45.309M,,2.762B,N/A,https://finance.yahoo.com/quote/NNDM?p=NNDM
14,AMD,,81.23,+3.71,+4.79%,43.584M,,98.396B,,https://finance.yahoo.com/quote/AMD?p=AMD
15,ORCL,,67.41,-4.71,-6.53%,37.996M,,198.457B,,https://finance.yahoo.com/quote/ORCL?p=ORCL
16,TLRY,,28.19,+4.09,+16.99%,37.04M,,4.843B,N/A,https://finance.yahoo.com/quote/TLRY?p=TLRY
17,T,,29.54,-0.45,-1.50%,35.539M,,210.672B,N/A,https://finance.yahoo.com/quote/T?p=T
18,AAL,,22.15,+0.40,+1.84%,38.286M,,14.169B,N/A,https://finance.yahoo.com/quote/AAL?p=AAL
19,FCEL,,18.36,+2.08,+12.78%,35.7M,,5.92B,N/A,https://finance.yahoo.com/quote/FCEL?p=FCEL
20,TSLA,,699.60,+31.54,+4.72%,35.586M,,671.514B,,https://finance.yahoo.com/quote/TSLA?p=TSLA
21,CCL,,27.47,+0.77,+2.88%,33.297M,,31.776B,N/A,https://finance.yahoo.com/quote/CCL?p=CCL
22,RLLCF,,0.0264,+0.0053,+25.12%,32.031M,,575.538B,N/A,https://finance.yahoo.com/quote/RLLCF?p=RLLCF
23,XPEV,,34.81,+4.11,+13.39%,31.136M,,24.826B,N/A,https://finance.yahoo.com/quote/XPEV?p=XPEV
24,WFC,,38.88,-0.70,-1.77%,29.822M,,160.734B,,https://finance.yahoo.com/quote/WFC?p=WFC
25,VALE,,18.02,+0.80,+4.65%,30.291M,,92.441B,,https://finance.yahoo.com/quote/VALE?p=VALE
26,VZ,,55.51,-1.57,-2.75%,30.313M,,229.709B,,https://finance.yahoo.com/quote/VZ?p=VZ
27,BA,,252.00,+6.66,+2.71%,30.142M,,147.077B,N/A,https://finance.yahoo.com/quote/BA?p=BA
28,MSFT,,237.13,+4.71,+2.03%,29.908M,,1.788T,,https://finance.yahoo.com/quote/MSFT?p=MSFT
29,RIOT,,63.31,+6.81,+12.05%,28.178M,,4.275B,N/A,https://finance.yahoo.com/quote/RIOT?p=RIOT
30,GME,,260.00,-5.00,-1.89%,27.825M,,18.134B,N/A,https://finance.yahoo.com/quote/GME?p=GME
31,CAN,,36.40,+8.42,+30.09%,27.494M,,5.703B,N/A,https://finance.yahoo.com/quote/CAN?p=CAN
32,PLUG,,48.16,+5.33,+12.44%,27.052M,,28.399B,N/A,https://finance.yahoo.com/quote/PLUG?p=PLUG
33,RIG,,4.5500,-0.1300,-2.78%,25.273M,,2.803B,N/A,https://finance.yahoo.com/quote/RIG?p=RIG
34,FCX,,37.47,+3.01,+8.73%,25.374M,,54.706B,,https://finance.yahoo.com/quote/FCX?p=FCX
35,XOM,,61.31,-0.46,-0.74%,24.048M,,259.555B,N/A,https://finance.yahoo.com/quote/XOM?p=XOM
36,INTC,,63.31,+1.06,+1.70%,29.121M,,257.229B,,https://finance.yahoo.com/quote/INTC?p=INTC
37,CCIV,,26.84,+2.14,+8.66%,24.003M,,6.945B,N/A,https://finance.yahoo.com/quote/CCIV?p=CCIV
38,APHA,,19.86,+2.13,+12.01%,23.997M,,6.278B,,https://finance.yahoo.com/quote/APHA?p=APHA
39,JD,,90.01,+0.68,+0.76%,24.21M,,137.838B,,https://finance.yahoo.com/quote/JD?p=JD
40,BNGO,,9.53,+0.86,+9.92%,23.226M,,2.591B,N/A,https://finance.yahoo.com/quote/BNGO?p=BNGO
41,PCG,,11.45,-0.01,-0.09%,23.724M,,22.725B,N/A,https://finance.yahoo.com/quote/PCG?p=PCG
42,WKHS,,17.50,+1.56,+9.79%,23.022M,,2.161B,,https://finance.yahoo.com/quote/WKHS?p=WKHS
43,LI,,26.02,+2.68,+11.48%,22.841M,,23.539B,N/A,https://finance.yahoo.com/quote/LI?p=LI
44,SNAP,,59.62,+4.55,+8.26%,22M,,89.925B,N/A,https://finance.yahoo.com/quote/SNAP?p=SNAP
45,SKLZ,,27.78,+2.08,+8.09%,22.314M,,10.274B,N/A,https://finance.yahoo.com/quote/SKLZ?p=SKLZ
46,OXY,,30.98,+1.62,+5.52%,21.984M,,28.86B,N/A,https://finance.yahoo.com/quote/OXY?p=OXY
47,CSCO,,48.80,+0.51,+1.06%,21.977M,,206.023B,,https://finance.yahoo.com/quote/CSCO?p=CSCO
48,FB,,273.88,+8.98,+3.39%,21.834M,,779.92B,,https://finance.yahoo.com/quote/FB?p=FB
49,PFE,,34.71,-0.22,-0.63%,24.019M,,193.6B,,https://finance.yahoo.com/quote/PFE?p=PFE
50,MU,,89.31,+3.90,+4.57%,20.716M,,99.908B,,https://finance.yahoo.com/quote/MU?p=MU
51,GM,,56.33,-0.50,-0.88%,20.245M,,81.166B,,https://finance.yahoo.com/quote/GM?p=GM
52,NCLH,,30.26,+0.72,+2.44%,20.189M,,10.994B,N/A,https://finance.yahoo.com/quote/NCLH?p=NCLH
53,CLDR,,12.88,-1.85,-12.56%,20.72M,,3.693B,N/A,https://finance.yahoo.com/quote/CLDR?p=CLDR
54,MRVL,,46.30,+3.46,+8.08%,18.895M,,31.089B,N/A,https://finance.yahoo.com/quote/MRVL?p=MRVL
55,MARA,,41.81,+3.62,+9.48%,18.825M,,3.928B,N/A,https://finance.yahoo.com/quote/MARA?p=MARA
56,MRO,,12.51,+0.29,+2.37%,18.163M,,9.871B,N/A,https://finance.yahoo.com/quote/MRO?p=MRO
57,ET,,8.36,-0.22,-2.56%,16.951M,,22.601B,N/A,https://finance.yahoo.com/quote/ET?p=ET
58,TEVA,,11.03,-0.23,-2.04%,17.532M,,11.793B,N/A,https://finance.yahoo.com/quote/TEVA?p=TEVA
59,C,,73.31,-0.44,-0.60%,17.199M,,153.021B,,https://finance.yahoo.com/quote/C?p=C
60,CMCSA,,56.89,-0.32,-0.56%,17.49M,,260.594B,,https://finance.yahoo.com/quote/CMCSA?p=CMCSA
61,KO,,50.88,-0.56,-1.09%,17.418M,,219.258B,,https://finance.yahoo.com/quote/KO?p=KO
62,UBER,,58.95,+1.27,+2.20%,16.767M,,109.549B,N/A,https://finance.yahoo.com/quote/UBER?p=UBER
63,DKNG,,71.61,+2.32,+3.35%,17.065M,,28.479B,N/A,https://finance.yahoo.com/quote/DKNG?p=DKNG
64,RKT,,25.83,-0.12,-0.46%,16.891M,,51.258B,N/A,https://finance.yahoo.com/quote/RKT?p=RKT
65,X,,22.33,+1.47,+7.05%,16.211M,,6.002B,N/A,https://finance.yahoo.com/quote/X?p=X
66,SIRI,,6.14,+0.08,+1.32%,18.31M,,25.419B,,https://finance.yahoo.com/quote/SIRI?p=SIRI
67,UAL,,54.06,+0.14,+0.26%,17.141M,,17.217B,N/A,https://finance.yahoo.com/quote/UAL?p=UAL
68,SWN,,4.4200,+0.0200,+0.45%,16.385M,,2.981B,N/A,https://finance.yahoo.com/quote/SWN?p=SWN
69,ACB,,10.59,+0.74,+7.51%,15.263M,,2.084B,,https://finance.yahoo.com/quote/ACB?p=ACB
70,SPCE,,33.58,+2.99,+9.77%,15.619M,,7.957B,N/A,https://finance.yahoo.com/quote/SPCE?p=SPCE
71,CLF,,16.90,+0.93,+5.82%,14.959M,,8.431B,N/A,https://finance.yahoo.com/quote/CLF?p=CLF
72,ZNGA,,10.21,+0.26,+2.61%,14.987M,,11.057B,N/A,https://finance.yahoo.com/quote/ZNGA?p=ZNGA
73,M,,17.05,+0.10,+0.59%,14.557M,,5.294B,N/A,https://finance.yahoo.com/quote/M?p=M
74,TWTR,,68.46,+3.63,+5.60%,14.191M,,54.642B,N/A,https://finance.yahoo.com/quote/TWTR?p=TWTR
75,GOLD,,20.31,+0.19,+0.94%,14.449M,,35.884B,,https://finance.yahoo.com/quote/GOLD?p=GOLD
76,BABA,,240.80,+6.50,+2.77%,15.068M,,656.223B,,https://finance.yahoo.com/quote/BABA?p=BABA
77,DISCK,,56.86,+0.85,+1.52%,14.32M,,29.428B,,https://finance.yahoo.com/quote/DISCK?p=DISCK
78,ABEV,,2.7500,+0.0400,+1.48%,14.278M,,41.923B,,https://finance.yahoo.com/quote/ABEV?p=ABEV
79,TSM,,120.58,+6.75,+5.93%,14.956M,,586.426B,,https://finance.yahoo.com/quote/TSM?p=TSM
80,TME,,27.78,+0.43,+1.57%,14.16M,,46.602B,,https://finance.yahoo.com/quote/TME?p=TME
81,DVN,,24.64,+0.74,+3.10%,12.907M,,16.585B,N/A,https://finance.yahoo.com/quote/DVN?p=DVN
82,GSAT,,1.6000,+0.0700,+4.58%,13.939M,,2.685B,N/A,https://finance.yahoo.com/quote/GSAT?p=GSAT
83,SABR,,16.00,+0.55,+3.56%,13.687M,,5.077B,N/A,https://finance.yahoo.com/quote/SABR?p=SABR
84,KGC,,6.81,+0.16,+2.41%,13.799M,,8.485B,,https://finance.yahoo.com/quote/KGC?p=KGC
85,GGB,,5.03,+0.31,+6.57%,13.301M,,7.846B,,https://finance.yahoo.com/quote/GGB?p=GGB
86,PBR-A,,8.38,+0.50,+6.35%,13.338M,,52.769B,,https://finance.yahoo.com/quote/PBR-A?p=PBR-A
87,CELH,,47.37,-13.18,-21.77%,13.312M,,3.435B,,https://finance.yahoo.com/quote/CELH?p=CELH
88,SLB,,29.40,-0.55,-1.84%,13.239M,,41.109B,N/A,https://finance.yahoo.com/quote/SLB?p=SLB
89,MT,,26.77,+1.92,+7.73%,12.855M,,27.974B,N/A,https://finance.yahoo.com/quote/MT?p=MT
90,NLY,,8.61,-0.03,-0.35%,15.207M,,12.041B,N/A,https://finance.yahoo.com/quote/NLY?p=NLY
91,AZN,,48.67,-1.14,-2.29%,12.654M,,128.109B,,https://finance.yahoo.com/quote/AZN?p=AZN
92,MRK,,74.63,-0.13,-0.17%,12.374M,,188.838B,,https://finance.yahoo.com/quote/MRK?p=MRK
93,AUY,,4.4800,+0.0700,+1.59%,12.213M,,4.306B,,https://finance.yahoo.com/quote/AUY?p=AUY
94,FSR,,24.48,+0.04,+0.16%,12.311M,,6.787B,N/A,https://finance.yahoo.com/quote/FSR?p=FSR
95,BB,,10.70,+0.36,+3.48%,12.206M,,5.956B,N/A,https://finance.yahoo.com/quote/BB?p=BB
96,JBLU,,19.43,-0.47,-2.34%,11.952M,,6.142B,N/A,https://finance.yahoo.com/quote/JBLU?p=JBLU
97,DIS,,196.75,+1.69,+0.87%,11.743M,,357.152B,N/A,https://finance.yahoo.com/quote/DIS?p=DIS
98,MGM,,39.19,+1.57,+4.17%,13.271M,,19.393B,N/A,https://finance.yahoo.com/quote/MGM?p=MGM
99,WMT,,132.13,-0.05,-0.04%,11.83M,,373.834B,,https://finance.yahoo.com/quote/WMT?p=WMT
100,VIAC,,86.28,+3.39,+4.09%,22.371M,,53.455B,N/A,https://finance.yahoo.com/quote/VIAC?p=VIAC
101,JPM,,154.32,-0.81,-0.52%,11.771M,,470.909B,,https://finance.yahoo.com/quote/JPM?p=JPM
102,SQ,,241.72,+14.99,+6.61%,11.608M,,109.89B,,https://finance.yahoo.com/quote/SQ?p=SQ
103,HPE,,15.50,+0.35,+2.31%,11.374M,,20.168B,N/A,https://finance.yahoo.com/quote/HPE?p=HPE
104,WISH,,19.11,+2.48,+14.91%,11.564M,,12.995B,N/A,https://finance.yahoo.com/quote/WISH?p=WISH
105,BLDP,,26.13,+2.64,+11.24%,11.522M,,7.687B,N/A,https://finance.yahoo.com/quote/BLDP?p=BLDP
106,JMIA,,49.19,+6.96,+16.48%,11.394M,,4.388B,N/A,https://finance.yahoo.com/quote/JMIA?p=JMIA
107,CX,,7.38,+0.39,+5.58%,11.368M,,12.313B,N/A,https://finance.yahoo.com/quote/CX?p=CX
108,DAL,,48.32,+0.52,+1.09%,11.128M,,30.835B,N/A,https://finance.yahoo.com/quote/DAL?p=DAL
109,FUBO,,33.65,+3.60,+11.98%,10.989M,,3.663B,N/A,https://finance.yahoo.com/quote/FUBO?p=FUBO
110,CVX,,111.19,-0.18,-0.16%,10.677M,,214.194B,N/A,https://finance.yahoo.com/quote/CVX?p=CVX
111,RLX,,18.80,+3.44,+22.40%,11.025M,,29.202B,N/A,https://finance.yahoo.com/quote/RLX?p=RLX
112,NKLA,,17.09,+1.09,+6.84%,10.678M,,6.7B,N/A,https://finance.yahoo.com/quote/NKLA?p=NKLA
113,QCOM,,131.74,+3.87,+3.03%,11.606M,,149.657B,,https://finance.yahoo.com/quote/QCOM?p=QCOM
114,RYCEY,,1.6400,+0.0001,+0.01%,10.225M,,13.131B,,https://finance.yahoo.com/quote/RYCEY?p=RYCEY
115,KMI,,16.20,-0.04,-0.25%,12.088M,,36.684B,,https://finance.yahoo.com/quote/KMI?p=KMI
116,WMB,,23.90,-0.09,-0.38%,10.179M,,29.01B,,https://finance.yahoo.com/quote/WMB?p=WMB
117,QS,,58.20,+5.88,+11.24%,10.103M,,21.334B,N/A,https://finance.yahoo.com/quote/QS?p=QS
118,HPQ,,30.34,+0.08,+0.26%,9.985M,,37.822B,,https://finance.yahoo.com/quote/HPQ?p=HPQ
119,BMY,,60.35,-0.58,-0.95%,10.1M,,135.213B,N/A,https://finance.yahoo.com/quote/BMY?p=BMY
120,PINS,,71.88,+2.91,+4.22%,9.972M,,45.178B,N/A,https://finance.yahoo.com/quote/PINS?p=PINS
121,TSNPD,,2.9900,-0.2100,-6.56%,9.998M,,2.913B,N/A,https://finance.yahoo.com/quote/TSNPD?p=TSNPD
122,ING,,11.84,-0.65,-5.20%,9.939M,,45.517B,,https://finance.yahoo.com/quote/ING?p=ING
123,GILD,,63.09,-0.82,-1.28%,9.941M,,79.278B,,https://finance.yahoo.com/quote/GILD?p=GILD
124,LUMN,,13.60,-0.28,-2.02%,9.269M,,14.917B,N/A,https://finance.yahoo.com/quote/LUMN?p=LUMN
125,MVIS,,14.83,+0.48,+3.34%,9.72M,,2.275B,N/A,https://finance.yahoo.com/quote/MVIS?p=MVIS
126,VLDR,,14.27,+1.61,+12.72%,9.779M,,2.57B,N/A,https://finance.yahoo.com/quote/VLDR?p=VLDR
127,SRNE,,10.31,+0.60,+6.18%,9.999M,,2.896B,N/A,https://finance.yahoo.com/quote/SRNE?p=SRNE
128,BP,,26.65,0.00,0.00%,9.724M,,89.008B,N/A,https://finance.yahoo.com/quote/BP?p=BP
129,TIGR,,23.77,+4.54,+23.61%,9.681M,,3.351B,,https://finance.yahoo.com/quote/TIGR?p=TIGR
130,OPEN,,26.32,+2.63,+11.10%,9.514M,,15.193B,N/A,https://finance.yahoo.com/quote/OPEN?p=OPEN
131,COP,,59.83,+0.41,+0.69%,8.694M,,81.053B,N/A,https://finance.yahoo.com/quote/COP?p=COP
132,BIDU,,272.38,+17.24,+6.76%,10.649M,,91.683B,,https://finance.yahoo.com/quote/BIDU?p=BIDU
133,PYPL,,253.83,+11.76,+4.86%,9.234M,,297.281B,,https://finance.yahoo.com/quote/PYPL?p=PYPL
134,HST,,16.93,+0.39,+2.36%,9.186M,,11.942B,N/A,https://finance.yahoo.com/quote/HST?p=HST
135,VIR,,61.83,+15.01,+32.06%,9.324M,,7.904B,N/A,https://finance.yahoo.com/quote/VIR?p=VIR
136,HAL,,23.84,-0.30,-1.24%,9.178M,,21.185B,N/A,https://finance.yahoo.com/quote/HAL?p=HAL
137,TFC,,58.91,+0.11,+0.19%,9.15M,,79.364B,N/A,https://finance.yahoo.com/quote/TFC?p=TFC
138,PDD,,162.40,+14.26,+9.63%,9.082M,,199.156B,N/A,https://finance.yahoo.com/quote/PDD?p=PDD
139,BCRX,,12.99,-0.62,-4.56%,9.08M,,2.306B,N/A,https://finance.yahoo.com/quote/BCRX?p=BCRX
140,CLOV,,8.67,+0.56,+6.91%,9.186M,,3.507B,N/A,https://finance.yahoo.com/quote/CLOV?p=CLOV
141,KR,,34.94,-0.30,-0.85%,8.998M,,26.45B,,https://finance.yahoo.com/quote/KR?p=KR
142,BKR,,24.16,-0.22,-0.90%,8.987M,,25.136B,N/A,https://finance.yahoo.com/quote/BKR?p=BKR
143,MS,,83.25,+0.16,+0.19%,8.703M,,156.546B,,https://finance.yahoo.com/quote/MS?p=MS
144,FTI,,8.89,-0.20,-2.20%,8.873M,,3.866B,N/A,https://finance.yahoo.com/quote/FTI?p=FTI
145,CVE,,8.44,+0.13,+1.56%,8.818M,,16.993B,N/A,https://finance.yahoo.com/quote/CVE?p=CVE
146,DBX,,25.45,+0.97,+3.96%,8.862M,,10.555B,N/A,https://finance.yahoo.com/quote/DBX?p=DBX
147,MFC,,21.66,+0.19,+0.88%,2.827M,,41.989B,,https://finance.yahoo.com/quote/MFC?p=MFC
148,HL,,6.48,+0.21,+3.35%,8.69M,,3.468B,N/A,https://finance.yahoo.com/quote/HL?p=HL
149,AGNC,,16.31,-0.09,-0.55%,8.74M,,8.773B,N/A,https://finance.yahoo.com/quote/AGNC?p=AGNC
150,VST,,18.81,-0.71,-3.64%,8.224M,,9.099B,,https://finance.yahoo.com/quote/VST?p=VST
151,BMBL,,69.76,+6.85,+10.89%,8.698M,,8.046B,N/A,https://finance.yahoo.com/quote/BMBL?p=BMBL
152,ERIC,,13.43,+0.86,+6.84%,8.756M,,44.826B,N/A,https://finance.yahoo.com/quote/ERIC?p=ERIC
153,BILI,,110.44,+7.34,+7.12%,8.639M,,38.909B,N/A,https://finance.yahoo.com/quote/BILI?p=BILI
154,YSG,,16.45,-0.04,-0.24%,8.403M,,10.947B,N/A,https://finance.yahoo.com/quote/YSG?p=YSG
155,HBAN,,16.32,-0.03,-0.18%,8.907M,,16.602B,,https://finance.yahoo.com/quote/HBAN?p=HBAN
156,TMUS,,125.99,-1.42,-1.11%,8.824M,,156.58B,,https://finance.yahoo.com/quote/TMUS?p=TMUS
157,PTON,,117.65,+6.33,+5.69%,8.181M,,34.648B,N/A,https://finance.yahoo.com/quote/PTON?p=PTON
158,GOEV,,14.67,+1.78,+13.81%,8.15M,,3.457B,N/A,https://finance.yahoo.com/quote/GOEV?p=GOEV
159,FUTU,,160.51,+13.21,+8.97%,8.228M,,21.721B,N/A,https://finance.yahoo.com/quote/FUTU?p=FUTU
160,MGP,,32.68,-0.38,-1.15%,8.01M,,9.149B,,https://finance.yahoo.com/quote/MGP?p=MGP
161,GFI,,9.47,+0.37,+4.05%,8.091M,,8.291B,,https://finance.yahoo.com/quote/GFI?p=GFI
162,SCHW,,66.41,+1.38,+2.12%,8.613M,,125.006B,,https://finance.yahoo.com/quote/SCHW?p=SCHW
163,VEON,,1.8300,+0.0800,+4.57%,8.188M,,3.201B,N/A,https://finance.yahoo.com/quote/VEON?p=VEON
164,WORK,,41.10,+0.39,+0.96%,4.642M,,23.862B,N/A,https://finance.yahoo.com/quote/WORK?p=WORK
165,CLNE,,13.88,+0.29,+2.13%,7.836M,,2.765B,N/A,https://finance.yahoo.com/quote/CLNE?p=CLNE
166,FHN,,17.15,+0.02,+0.12%,7.716M,,9.526B,,https://finance.yahoo.com/quote/FHN?p=FHN
167,FITB,,38.01,-0.01,-0.03%,7.668M,,27.027B,,https://finance.yahoo.com/quote/FITB?p=FITB
168,INO,,10.57,+0.59,+5.91%,7.621M,,2.195B,N/A,https://finance.yahoo.com/quote/INO?p=INO
169,V,,226.15,+2.98,+1.34%,9.867M,,498.627B,,https://finance.yahoo.com/quote/V?p=V
170,GPS,,29.85,-0.30,-1.00%,5.733M,,11.165B,N/A,https://finance.yahoo.com/quote/GPS?p=GPS
171,AVTR,,28.15,+0.55,+1.99%,7.748M,,16.349B,,https://finance.yahoo.com/quote/AVTR?p=AVTR
172,BHC,,34.38,+1.56,+4.75%,10.316M,,12.211B,N/A,https://finance.yahoo.com/quote/BHC?p=BHC
173,MDLZ,,56.27,+0.08,+0.14%,7.438M,,80.632B,,https://finance.yahoo.com/quote/MDLZ?p=MDLZ
174,VTRS,,14.10,+0.04,+0.28%,8.355M,,17.02B,N/A,https://finance.yahoo.com/quote/VTRS?p=VTRS
175,MRNA,,140.47,+10.72,+8.26%,7.835M,,56.156B,N/A,https://finance.yahoo.com/quote/MRNA?p=MRNA
176,KEY,,21.10,-0.06,-0.28%,7.386M,,20.442B,,https://finance.yahoo.com/quote/KEY?p=KEY
177,PSTG,,22.74,+1.46,+6.86%,7.311M,,6.204B,N/A,https://finance.yahoo.com/quote/PSTG?p=PSTG
178,APA,,21.89,+0.26,+1.20%,7.357M,,8.271B,N/A,https://finance.yahoo.com/quote/APA?p=APA
179,WBA,,51.52,+1.00,+1.98%,7.324M,,44.515B,N/A,https://finance.yahoo.com/quote/WBA?p=WBA
180,LUV,,58.47,-0.04,-0.07%,7.295M,,34.537B,N/A,https://finance.yahoo.com/quote/LUV?p=LUV
181,MO,,47.80,-0.40,-0.83%,8.088M,,88.845B,,https://finance.yahoo.com/quote/MO?p=MO
182,WU,,24.41,-0.19,-0.77%,7.072M,,10.031B,,https://finance.yahoo.com/quote/WU?p=WU
183,BCS,,9.69,-0.05,-0.51%,7.062M,,41.739B,,https://finance.yahoo.com/quote/BCS?p=BCS
184,SU,,23.01,+0.50,+2.22%,7.088M,,34.779B,,https://finance.yahoo.com/quote/SU?p=SU
185,CIG,,2.1100,+0.0500,+2.43%,7.028M,,3.367B,,https://finance.yahoo.com/quote/CIG?p=CIG
186,TAL,,68.53,+1.60,+2.39%,7.235M,,41.145B,N/A,https://finance.yahoo.com/quote/TAL?p=TAL
187,IVZ,,25.33,+0.14,+0.56%,5.187M,,11.628B,,https://finance.yahoo.com/quote/IVZ?p=IVZ
188,PG,,126.91,-0.43,-0.34%,6.796M,,312.513B,,https://finance.yahoo.com/quote/PG?p=PG
189,IQ,,27.69,-0.14,-0.50%,10.11M,,21.855B,,https://finance.yahoo.com/quote/IQ?p=IQ
190,ON,,38.80,+1.25,+3.33%,7.836M,,15.981B,,https://finance.yahoo.com/quote/ON?p=ON
191,JNPR,,25.25,+0.56,+2.27%,6.735M,,8.286B,,https://finance.yahoo.com/quote/JNPR?p=JNPR
192,DISCA,,66.97,+1.15,+1.75%,9.101M,,29.428B,,https://finance.yahoo.com/quote/DISCA?p=DISCA
193,NVDA,,519.74,+21.01,+4.21%,7.292M,,322.239B,,https://finance.yahoo.com/quote/NVDA?p=NVDA
194,MOS,,33.45,+0.39,+1.18%,6.516M,,12.681B,,https://finance.yahoo.com/quote/MOS?p=MOS
195,COTY,,8.85,+0.10,+1.14%,6.515M,,6.786B,N/A,https://finance.yahoo.com/quote/COTY?p=COTY
196,CSTM,,16.75,+1.32,+8.55%,6.602M,,2.344B,,https://finance.yahoo.com/quote/CSTM?p=CSTM
197,HMY,,4.4700,-0.1100,-2.40%,6.738M,,2.662B,N/A,https://finance.yahoo.com/quote/HMY?p=HMY
198,MAC,,13.41,-0.34,-2.47%,6.816M,,2.075B,N/A,https://finance.yahoo.com/quote/MAC?p=MAC
199,EPD,,23.30,+0.05,+0.22%,6.107M,,50.831B,,https://finance.yahoo.com/quote/EPD?p=EPD
200,RIDE,,17.71,+0.71,+4.18%,6.574M,,2.921B,N/A,https://finance.yahoo.com/quote/RIDE?p=RIDE
201,IBN,,17.44,+0.19,+1.10%,6.76M,,60.09B,,https://finance.yahoo.com/quote/IBN?p=IBN
202,VIPS,,42.41,+0.40,+0.95%,11.53M,,28.782B,,https://finance.yahoo.com/quote/VIPS?p=VIPS
203,BSX,,38.65,-0.69,-1.75%,6.244M,,54.737B,,https://finance.yahoo.com/quote/BSX?p=BSX
204,BTG,,4.5600,+0.0700,+1.56%,6.429M,,4.75B,,https://finance.yahoo.com/quote/BTG?p=BTG
205,NEM,,58.45,+0.27,+0.46%,6.394M,,46.778B,,https://finance.yahoo.com/quote/NEM?p=NEM
206,LMND,,105.88,+11.81,+12.55%,6.289M,,6.489B,N/A,https://finance.yahoo.com/quote/LMND?p=LMND
207,RTX,,77.05,+0.49,+0.64%,6.14M,,117.076B,N/A,https://finance.yahoo.com/quote/RTX?p=RTX
208,JNJ,,159.14,-0.01,-0.01%,6.099M,,418.969B,,https://finance.yahoo.com/quote/JNJ?p=JNJ
209,RUN,,63.46,+7.86,+14.14%,6.484M,,12.856B,N/A,https://finance.yahoo.com/quote/RUN?p=RUN
210,AA,,32.16,+0.18,+0.56%,6.157M,,5.99B,N/A,https://finance.yahoo.com/quote/AA?p=AA
211,AR,,10.56,+0.22,+2.13%,6.592M,,3.181B,N/A,https://finance.yahoo.com/quote/AR?p=AR
212,KDP,,33.30,-0.26,-0.77%,6.254M,,46.862B,,https://finance.yahoo.com/quote/KDP?p=KDP
213,SE,,236.79,+19.58,+9.01%,6.09M,,121.22B,N/A,https://finance.yahoo.com/quote/SE?p=SE
214,JCI,,61.09,+0.86,+1.43%,6.168M,,43.885B,,https://finance.yahoo.com/quote/JCI?p=JCI
215,RF,,21.44,-0.07,-0.33%,6.039M,,20.597B,,https://finance.yahoo.com/quote/RF?p=RF
216,USB,,53.35,-0.43,-0.80%,6.141M,,80.162B,,https://finance.yahoo.com/quote/USB?p=USB
217,CFG,,44.63,+0.01,+0.02%,6.119M,,18.972B,,https://finance.yahoo.com/quote/CFG?p=CFG
218,TCOM,,41.41,+1.86,+4.70%,6.633M,,24.559B,N/A,https://finance.yahoo.com/quote/TCOM?p=TCOM
219,ABNB,,197.87,+14.08,+7.66%,6.031M,,118.217B,N/A,https://finance.yahoo.com/quote/ABNB?p=ABNB
220,EXC,,42.03,+0.17,+0.41%,6.023M,,41.035B,,https://finance.yahoo.com/quote/EXC?p=EXC
221,AMCR,,11.73,-0.20,-1.68%,6.007M,,18.322B,,https://finance.yahoo.com/quote/AMCR?p=AMCR
222,CRM,,215.95,+3.99,+1.88%,6.342M,,198.185B,,https://finance.yahoo.com/quote/CRM?p=CRM
223,GLW,,40.00,+1.03,+2.64%,5.661M,,30.735B,,https://finance.yahoo.com/quote/GLW?p=GLW
224,SUMO,,22.27,-3.48,-13.51%,6.058M,,2.279B,N/A,https://finance.yahoo.com/quote/SUMO?p=SUMO
225,BRK-B,,260.91,-3.08,-1.17%,5.771M,,602.595B,,https://finance.yahoo.com/quote/BRK-B?p=BRK-B
226,EBAY,,56.24,+0.90,+1.63%,5.888M,,38.268B,,https://finance.yahoo.com/quote/EBAY?p=EBAY
227,TDOC,,198.77,+14.32,+7.76%,5.815M,,30.352B,N/A,https://finance.yahoo.com/quote/TDOC?p=TDOC
228,AMAT,,117.19,+4.51,+4.00%,6.834M,,107.541B,,https://finance.yahoo.com/quote/AMAT?p=AMAT
229,SDC,,11.93,+0.88,+7.92%,5.769M,,4.607B,N/A,https://finance.yahoo.com/quote/SDC?p=SDC
230,NKE,,141.19,+3.60,+2.62%,5.697M,,222.585B,,https://finance.yahoo.com/quote/NKE?p=NKE
231,INFY,,19.08,+0.40,+2.14%,5.663M,,81.485B,,https://finance.yahoo.com/quote/INFY?p=INFY
232,MPC,,58.00,-0.18,-0.31%,5.749M,,37.774B,N/A,https://finance.yahoo.com/quote/MPC?p=MPC
233,TJX,,66.08,+0.48,+0.73%,5.229M,,79.338B,,https://finance.yahoo.com/quote/TJX?p=TJX
234,SNOW,,237.81,+10.70,+4.71%,5.682M,,52.375B,N/A,https://finance.yahoo.com/quote/SNOW?p=SNOW
235,TECK,,22.82,+1.44,+6.74%,5.585M,,11.99B,,https://finance.yahoo.com/quote/TECK?p=TECK
236,CVS,,72.35,-0.35,-0.48%,5.536M,,94.876B,,https://finance.yahoo.com/quote/CVS?p=CVS
237,MTG,,13.05,+0.09,+0.69%,3.962M,,4.421B,,https://finance.yahoo.com/quote/MTG?p=MTG
238,SLM,,17.29,+0.85,+5.17%,7.355M,,6.288B,,https://finance.yahoo.com/quote/SLM?p=SLM
239,VICI,,28.56,-0.21,-0.73%,5.242M,,15.337B,,https://finance.yahoo.com/quote/VICI?p=VICI
240,NEE,,74.86,+0.40,+0.54%,6.173M,,146.716B,,https://finance.yahoo.com/quote/NEE?p=NEE
241,ENB,,36.34,+0.43,+1.20%,5.334M,,73.412B,,https://finance.yahoo.com/quote/ENB?p=ENB
242,BEN,,28.79,+0.17,+0.59%,5.262M,,14.551B,,https://finance.yahoo.com/quote/BEN?p=BEN
243,SYF,,42.66,+1.05,+2.52%,5.37M,,24.908B,,https://finance.yahoo.com/quote/SYF?p=SYF
244,APO,,47.83,+2.30,+5.05%,5.218M,,11.107B,,https://finance.yahoo.com/quote/APO?p=APO
245,APPS,,86.98,+11.09,+14.61%,5.417M,,7.777B,,https://finance.yahoo.com/quote/APPS?p=APPS
246,ADT,,8.57,+0.64,+8.07%,5.436M,,7.082B,N/A,https://finance.yahoo.com/quote/ADT?p=ADT
247,VRT,,21.17,+0.54,+2.62%,5.226M,,7.44B,N/A,https://finance.yahoo.com/quote/VRT?p=VRT
248,FSLY,,75.44,+6.45,+9.35%,5.03M,,8.645B,N/A,https://finance.yahoo.com/quote/FSLY?p=FSLY
249,LYFT,,62.72,+1.41,+2.30%,5.461M,,20.631B,N/A,https://finance.yahoo.com/quote/LYFT?p=LYFT
250,CNP,,21.29,-0.03,-0.14%,5.219M,,11.743B,N/A,https://finance.yahoo.com/quote/CNP?p=CNP
251,TRIP,,55.31,+3.51,+6.78%,5.669M,,7.457B,N/A,https://finance.yahoo.com/quote/TRIP?p=TRIP
252,BFT,,14.92,+0.14,+0.95%,5.094M,,2.736B,N/A,https://finance.yahoo.com/quote/BFT?p=BFT
253,RSI,,18.71,+2.16,+13.05%,5.17M,,3.832B,N/A,https://finance.yahoo.com/quote/RSI?p=RSI
254,DOCU,,225.22,+12.55,+5.90%,5.186M,,43.075B,N/A,https://finance.yahoo.com/quote/DOCU?p=DOCU
255,CARR,,39.23,+0.45,+1.16%,5.156M,,34.102B,N/A,https://finance.yahoo.com/quote/CARR?p=CARR
256,IBM,,127.14,-0.73,-0.57%,5.148M,,113.612B,,https://finance.yahoo.com/quote/IBM?p=IBM
257,OPK,,4.4400,+0.1300,+3.02%,5.73M,,2.975B,,https://finance.yahoo.com/quote/OPK?p=OPK
258,NVTA,,42.92,+4.26,+11.02%,4.971M,,8.44B,N/A,https://finance.yahoo.com/quote/NVTA?p=NVTA
259,UAA,,22.82,+0.28,+1.24%,4.955M,,9.52B,N/A,https://finance.yahoo.com/quote/UAA?p=UAA
260,UWMC,,8.65,+0.07,+0.82%,5.048M,,13.885B,N/A,https://finance.yahoo.com/quote/UWMC?p=UWMC
261,TXN,,174.95,+5.53,+3.26%,5.003M,,161.48B,,https://finance.yahoo.com/quote/TXN?p=TXN
